method,final_test_acc,final_n_labeled
RBF,0.6511089043363125,1660
MLP,0.6471367096987752,1660
Random-MLP,0.6930376255103167,1660
